name,price,category,link,reviews,price_category
Smartphone APPLE iPhone 11 64Go Noir Batterie Neuve Reconditionné,299.99,iphone,https://www.boulanger.com/ref/1203834?offer=8bedf8a0-f0e9-4e46-98a7-477c5fcb5753,0,Entrée de gamme
Smartphone APPLE iPhone 12 Noir 128Go Reconditionné,399.99,iphone,https://www.boulanger.com/ref/1217025?offer=8c8bf81f-ebee-4d79-b7be-f3d095c3239a,0,Entrée de gamme
Smartphone APPLE iPhone 13 Lumière Stellaire 128Go Reconditionné,480.93,iphone,https://www.boulanger.com/ref/1200036?offer=0cc6ef6d-799a-42fb-a5be-5a2ae9594522,0,Entrée de gamme
Smartphone APPLE iPhone 13 Lumière Stellaire 128Go 5G,526.0,iphone,https://www.boulanger.com/ref/1169068,0,Entrée de gamme
Smartphone APPLE iPhone 13 Minuit 128Go 5G,564.99,iphone,https://www.boulanger.com/ref/1169067,0,Entrée de gamme
Smartphone APPLE iPhone 14 Bleu 128Go 5G,694.99,iphone,https://www.boulanger.com/ref/1184028,0,Entrée de gamme
Smartphone APPLE iPhone 14 Minuit 128Go 5G,694.99,iphone,https://www.boulanger.com/ref/1184024,0,Entrée de gamme
Smartphone APPLE iPhone 14 Plus Minuit 256Go 5G,699.99,iphone,https://www.boulanger.com/ref/1184073,0,Entrée de gamme
Smartphone APPLE iPhone 14 Plus Mauve 256Go 5G,699.99,iphone,https://www.boulanger.com/ref/1184075,0,Entrée de gamme
Smartphone APPLE iPhone 14 Plus Bleu 256Go 5G,699.99,iphone,https://www.boulanger.com/ref/1184077,0,Entrée de gamme
Smartphone APPLE iPhone 14 Plus Lumière Stell 256Go 5G,699.99,iphone,https://www.boulanger.com/ref/1184074,0,Entrée de gamme
Smartphone APPLE iPhone 16e Noir 128Go,719.0,iphone,https://www.boulanger.com/ref/1215259,0,Moyenne gamme
Smartphone APPLE iPhone 16e Blanc 128Go,719.0,iphone,https://www.boulanger.com/ref/1218470,0,Moyenne gamme
Smartphone APPLE iPhone 15 Vert 128Go 5G,799.0,iphone,https://www.boulanger.com/ref/1196258,0,Moyenne gamme
Smartphone APPLE iPhone 15 Noir 128Go 5G,821.99,iphone,https://www.boulanger.com/ref/1196118,0,Moyenne gamme
Smartphone APPLE iPhone 16e Noir 256Go,849.0,iphone,https://www.boulanger.com/ref/1218490,0,Moyenne gamme
Smartphone APPLE iPhone 16 Outremer 128Go,910.0,iphone,https://www.boulanger.com/ref/1211551,0,Moyenne gamme
Smartphone APPLE iPhone 16 Blanc 128Go,910.0,iphone,https://www.boulanger.com/ref/1211581,0,Moyenne gamme
Smartphone APPLE iPhone 16 Noir 128Go,919.0,iphone,https://www.boulanger.com/ref/1207406,0,Moyenne gamme
Smartphone APPLE iPhone 15 Plus Noir 128Go 5G,921.99,iphone,https://www.boulanger.com/ref/1196333,0,Moyenne gamme
Smartphone APPLE iPhone 16 Rose 128Go,921.99,iphone,https://www.boulanger.com/ref/1211534,0,Moyenne gamme
Smartphone APPLE iPhone 16 Sarcelle 128Go,921.99,iphone,https://www.boulanger.com/ref/1211549,0,Moyenne gamme
Smartphone APPLE iPhone 15 Pro Bleu 128Go Reconditionné,999.99,iphone,https://www.boulanger.com/ref/1216623?offer=11b5ed42-6a83-403f-8215-6e399aae2679,0,Moyenne gamme
Smartphone APPLE iPhone 16 Sarcelle 256Go,1049.0,iphone,https://www.boulanger.com/ref/1211509,0,Haut de gamme
Smartphone APPLE iPhone 16 Noir 256Go,1049.0,iphone,https://www.boulanger.com/ref/1211510,0,Haut de gamme
Smartphone APPLE iPhone 16 Blanc 256Go,1051.99,iphone,https://www.boulanger.com/ref/1211548,0,Haut de gamme
Smartphone APPLE iPhone 16 Rose 256Go,1051.99,iphone,https://www.boulanger.com/ref/1211526,0,Haut de gamme
Smartphone APPLE iPhone 16 Plus Noir 128Go,1071.99,iphone,https://www.boulanger.com/ref/1211517,0,Haut de gamme
Smartphone APPLE iPhone 16 Plus Outremer 128Go,1071.99,iphone,https://www.boulanger.com/ref/1211497,0,Haut de gamme
Smartphone APPLE iPhone 16 Plus Blanc 128Go,1071.99,iphone,https://www.boulanger.com/ref/1211561,0,Haut de gamme
Smartphone APPLE iPhone 16 Pro Titane Noir 128Go,1181.0,iphone,https://www.boulanger.com/ref/1211564,0,Haut de gamme
Smartphone APPLE iPhone 16 Pro Titane Sable 128Go,1181.0,iphone,https://www.boulanger.com/ref/1211563,0,Haut de gamme
Smartphone APPLE iPhone 16 Pro Titane Blanc 128Go,1181.0,iphone,https://www.boulanger.com/ref/1211525,0,Haut de gamme
Smartphone APPLE iPhone 16 Pro Titane Naturel 128Go,1181.0,iphone,https://www.boulanger.com/ref/1211565,0,Haut de gamme
Smartphone APPLE iPhone 16 Plus Noir 256Go,1201.99,iphone,https://www.boulanger.com/ref/1211554,0,Haut de gamme
Smartphone APPLE iPhone 15 Pro Max Titane Naturel 512Go,1299.99,iphone,https://www.boulanger.com/ref/1196370,0,Haut de gamme
Smartphone APPLE iPhone 16 Pro Titane Noir 256Go,1299.99,iphone,https://www.boulanger.com/ref/1211547,0,Haut de gamme
Smartphone APPLE iPhone 16 Pro Titane Sable 256Go,1309.99,iphone,https://www.boulanger.com/ref/1211538,0,Haut de gamme
Smartphone APPLE iPhone 16 Pro Titane Naturel 256Go,1311.99,iphone,https://www.boulanger.com/ref/1211499,0,Haut de gamme
Smartphone APPLE iPhone 15 Pro Max Titane Naturel 256Go,1329.99,iphone,https://www.boulanger.com/ref/1196366,0,Haut de gamme
Smartphone APPLE iPhone 15 Pro Titane Naturel 1To 5G,1399.99,iphone,https://www.boulanger.com/ref/1196362,0,Haut de gamme
Smartphone APPLE iPhone 15 Pro Titane Noir 1To 5G,1399.99,iphone,https://www.boulanger.com/ref/1196360,0,Haut de gamme
Smartphone APPLE iPhone 16 Pro Max Titane Noir 256Go,1419.99,iphone,https://www.boulanger.com/ref/1211520,0,Haut de gamme
Smartphone APPLE iPhone 16 Pro Max Titane Blanc 256Go,1431.99,iphone,https://www.boulanger.com/ref/1211541,0,Haut de gamme
Smartphone APPLE iPhone 16 Pro Max Titane Naturel 256Go,1431.99,iphone,https://www.boulanger.com/ref/1211540,0,Haut de gamme
Smartphone APPLE iPhone 16 Pro Max Titane Sable 256Go,1431.99,iphone,https://www.boulanger.com/ref/1211527,0,Haut de gamme
Smartphone APPLE iPhone 15 Pro Titane Blanc 1To 5G,1499.99,iphone,https://www.boulanger.com/ref/1196361,0,Haut de gamme
Smartphone APPLE iPhone 15 Pro Max Titane Noir 1To 5G,1499.99,iphone,https://www.boulanger.com/ref/1196372,0,Haut de gamme
Smartphone APPLE iPhone 15 Pro Max Titane Bleu 1To 5G,1499.99,iphone,https://www.boulanger.com/ref/1196375,0,Haut de gamme
Smartphone APPLE iPhone 15 Pro Max Titane Naturel 1To 5G,1499.99,iphone,https://www.boulanger.com/ref/1196374,0,Haut de gamme
